[
    {
        "model": "acc_codes.accountlevel1",
        "pk": 1,
        "fields": {
            "code": "1",
            "name": "Assets",
            "guideline": ""
        }
    },
    {
        "model": "acc_codes.accountlevel1",
        "pk": 2,
        "fields": {
            "code": "2",
            "name": "Liabilities",
            "guideline": ""
        }
    },
    {
        "model": "acc_codes.accountlevel1",
        "pk": 3,
        "fields": {
            "code": "3",
            "name": "Equities",
            "guideline": ""
        }
    },
    {
        "model": "acc_codes.accountlevel1",
        "pk": 4,
        "fields": {
            "code": "4",
            "name": "Revenues",
            "guideline": ""
        }
    },
    {
        "model": "acc_codes.accountlevel1",
        "pk": 5,
        "fields": {
            "code": "5",
            "name": "Expenses",
            "guideline": ""
        }
    },
    {
        "model": "acc_codes.accountlevel1",
        "pk": 6,
        "fields": {
            "code": "6",
            "name": "Gains",
            "guideline": ""
        }
    },
    {
        "model": "acc_codes.accountlevel1",
        "pk": 7,
        "fields": {
            "code": "7",
            "name": "Losses",
            "guideline": ""
        }
    },
    {
        "model": "acc_codes.accountlevel2",
        "pk": 1,
        "fields": {
            "code": "11",
            "name": "Current Assets",
            "guideline": "",
            "level1": 2
        }
    },
    {
        "model": "acc_codes.accountlevel2",
        "pk": 2,
        "fields": {
            "code": "12",
            "name": "Fixed Assets",
            "guideline": "",
            "level1": 2
        }
    },
    {
        "model": "acc_codes.accountlevel2",
        "pk": 3,
        "fields": {
            "code": "21",
            "name": "Current Liabilities",
            "guideline": "",
            "level1": 3
        }
    },
    {
        "model": "acc_codes.accountlevel2",
        "pk": 4,
        "fields": {
            "code": "22",
            "name": "Long-term Liabilities",
            "guideline": "",
            "level1": 2
        }
    },
    {
        "model": "acc_codes.accountlevel2",
        "pk": 5,
        "fields": {
            "code": "31",
            "name": "Common Stocks",
            "guideline": "",
            "level1": 3
        }
    },
    {
        "model": "acc_codes.accountlevel2",
        "pk": 6,
        "fields": {
            "code": "32",
            "name": "Preferred Stocks",
            "guideline": "",
            "level1": 3
        }
    },
    {
        "model": "acc_codes.accountlevel2",
        "pk": 7,
        "fields": {
            "code": "33",
            "name": "Retained Earnings",
            "guideline": "",
            "level1": 3
        }
    },
    {
        "model": "acc_codes.accountlevel2",
        "pk": 8,
        "fields": {
            "code": "41",
            "name": "Personal Revenues",
            "guideline": "",
            "level1": 4
        }
    },
    {
        "model": "acc_codes.accountlevel2",
        "pk": 9,
        "fields": {
            "code": "42",
            "name": "Corporate Revenues",
            "guideline": "",
            "level1": 4
        }
    },
    {
        "model": "acc_codes.accountlevel2",
        "pk": 10,
        "fields": {
            "code": "51",
            "name": "Personal Expenses",
            "guideline": "",
            "level1": 5
        }
    },
    {
        "model": "acc_codes.accountlevel2",
        "pk": 11,
        "fields": {
            "code": "52",
            "name": "Corporate Expenses",
            "guideline": "",
            "level1": 5
        }
    },
    {
        "model": "acc_codes.accountlevel3",
        "pk": 1,
        "fields": {
            "code": "1100",
            "name": "Cash",
            "guideline": "",
            "level2": 1
        }
    },
    {
        "model": "acc_codes.accountlevel3",
        "pk": 2,
        "fields": {
            "code": "1102",
            "name": "Bank Deposits",
            "guideline": "",
            "level2": 1
        }
    },
    {
        "model": "acc_codes.accountlevel3",
        "pk": 3,
        "fields": {
            "code": "1103",
            "name": "E-wallet",
            "guideline": "",
            "level2": 1
        }
    },
    {
        "model": "acc_codes.accountlevel3",
        "pk": 4,
        "fields": {
            "code": "1104",
            "name": "Debit Cards",
            "guideline": "",
            "level2": 1
        }
    },
    {
        "model": "acc_codes.accountlevel3",
        "pk": 5,
        "fields": {
            "code": "1105",
            "name": "Account Receivables",
            "guideline": "the money owes to others",
            "level2": 1
        }
    },
    {
        "model": "acc_codes.accountlevel3",
        "pk": 6,
        "fields": {
            "code": "1201",
            "name": "Inventories",
            "guideline": "",
            "level2": 2
        }
    },
    {
        "model": "acc_codes.accountlevel3",
        "pk": 7,
        "fields": {
            "code": "1202",
            "name": "Equipments",
            "guideline": "",
            "level2": 2
        }
    },
    {
        "model": "acc_codes.accountlevel3",
        "pk": 8,
        "fields": {
            "code": "1203",
            "name": "Vehicles",
            "guideline": "",
            "level2": 2
        }
    },
    {
        "model": "acc_codes.accountlevel3",
        "pk": 9,
        "fields": {
            "code": "1204",
            "name": "Taxes Receivable",
            "guideline": "",
            "level2": 1
        }
    },
    {
        "model": "acc_codes.accountlevel3",
        "pk": 10,
        "fields": {
            "code": "1205",
            "name": "Accured Wages",
            "guideline": "salary that yet to be paid",
            "level2": 1
        }
    },
    {
        "model": "acc_codes.accountlevel3",
        "pk": 11,
        "fields": {
            "code": "2101",
            "name": "Credit Cards",
            "guideline": "",
            "level2": 3
        }
    },
    {
        "model": "acc_codes.accountlevel3",
        "pk": 12,
        "fields": {
            "code": "2102",
            "name": "Account Payables",
            "guideline": "",
            "level2": 3
        }
    },
    {
        "model": "acc_codes.accountlevel3",
        "pk": 13,
        "fields": {
            "code": "2103",
            "name": "Accured Expenses",
            "guideline": "",
            "level2": 3
        }
    },
    {
        "model": "acc_codes.accountlevel3",
        "pk": 14,
        "fields": {
            "code": "2201",
            "name": "Loans",
            "guideline": "",
            "level2": 4
        }
    },
    {
        "model": "acc_codes.accountlevel3",
        "pk": 15,
        "fields": {
            "code": "3100",
            "name": "Common Stocks",
            "guideline": "",
            "level2": 5
        }
    },
    {
        "model": "acc_codes.accountlevel3",
        "pk": 16,
        "fields": {
            "code": "3200",
            "name": "Preferred Stocks",
            "guideline": "",
            "level2": 6
        }
    },
    {
        "model": "acc_codes.accountlevel3",
        "pk": 17,
        "fields": {
            "code": "3300",
            "name": "Retained Earnings",
            "guideline": "",
            "level2": 7
        }
    },
    {
        "model": "acc_codes.accountlevel3",
        "pk": 18,
        "fields": {
            "code": "4101",
            "name": "Salaries Revenues",
            "guideline": "",
            "level2": 8
        }
    },
    {
        "model": "acc_codes.accountlevel3",
        "pk": 19,
        "fields": {
            "code": "4102",
            "name": "Wage Revenues",
            "guideline": "",
            "level2": 8
        }
    },
    {
        "model": "acc_codes.accountlevel3",
        "pk": 20,
        "fields": {
            "code": "4103",
            "name": "Licensing Revenues",
            "guideline": "",
            "level2": 8
        }
    },
    {
        "model": "acc_codes.accountlevel3",
        "pk": 21,
        "fields": {
            "code": "4104",
            "name": "Interest Revenue",
            "guideline": "",
            "level2": 8
        }
    },
    {
        "model": "acc_codes.accountlevel3",
        "pk": 22,
        "fields": {
            "code": "4105",
            "name": "Rent Revenues",
            "guideline": "",
            "level2": 8
        }
    },
    {
        "model": "acc_codes.accountlevel3",
        "pk": 23,
        "fields": {
            "code": "4106",
            "name": "Business Renevue",
            "guideline": "",
            "level2": 8
        }
    },
    {
        "model": "acc_codes.accountlevel3",
        "pk": 24,
        "fields": {
            "code": "4107",
            "name": "Scholarship Stipend",
            "guideline": "",
            "level2": 8
        }
    },
    {
        "model": "acc_codes.accountlevel3",
        "pk": 25,
        "fields": {
            "code": "4108",
            "name": "Allowances",
            "guideline": "",
            "level2": 8
        }
    },
    {
        "model": "acc_codes.accountlevel3",
        "pk": 27,
        "fields": {
            "code": "4211",
            "name": "Goods",
            "guideline": "",
            "level2": 9
        }
    },
    {
        "model": "acc_codes.accountlevel3",
        "pk": 28,
        "fields": {
            "code": "4212",
            "name": "Services",
            "guideline": "",
            "level2": 9
        }
    },
    {
        "model": "acc_codes.accountlevel3",
        "pk": 29,
        "fields": {
            "code": "4213",
            "name": "Products",
            "guideline": "",
            "level2": 9
        }
    },
    {
        "model": "acc_codes.accountlevel3",
        "pk": 30,
        "fields": {
            "code": "4214",
            "name": "Subscriptions",
            "guideline": "",
            "level2": 9
        }
    },
    {
        "model": "acc_codes.accountlevel3",
        "pk": 31,
        "fields": {
            "code": "5101",
            "name": "Food Expenses",
            "guideline": "",
            "level2": 10
        }
    },
    {
        "model": "acc_codes.accountlevel3",
        "pk": 32,
        "fields": {
            "code": "5102",
            "name": "Transportation Expenses",
            "guideline": "",
            "level2": 10
        }
    },
    {
        "model": "acc_codes.accountlevel3",
        "pk": 33,
        "fields": {
            "code": "5103",
            "name": "Shopping Expenses",
            "guideline": "",
            "level2": 10
        }
    },
    {
        "model": "acc_codes.accountlevel3",
        "pk": 34,
        "fields": {
            "code": "5104",
            "name": "Utilities Bills",
            "guideline": "",
            "level2": 10
        }
    },
    {
        "model": "acc_codes.accountlevel3",
        "pk": 35,
        "fields": {
            "code": "5105",
            "name": "Health Expenses",
            "guideline": "",
            "level2": 10
        }
    },
    {
        "model": "acc_codes.accountlevel3",
        "pk": 36,
        "fields": {
            "code": "5106",
            "name": "Education Expenses",
            "guideline": "",
            "level2": 10
        }
    },
    {
        "model": "acc_codes.accountlevel3",
        "pk": 37,
        "fields": {
            "code": "5107",
            "name": "Social and Recreations Expenses",
            "guideline": "",
            "level2": 10
        }
    },
    {
        "model": "acc_codes.accountlevel3",
        "pk": 38,
        "fields": {
            "code": "5108",
            "name": "Family Expenses",
            "guideline": "",
            "level2": 10
        }
    },
    {
        "model": "acc_codes.accountlevel3",
        "pk": 39,
        "fields": {
            "code": "5109",
            "name": "Miscellaneous Expenses",
            "guideline": "",
            "level2": 10
        }
    },
    {
        "model": "acc_codes.accountlevel3",
        "pk": 40,
        "fields": {
            "code": "5201",
            "name": "Payrolls",
            "guideline": "",
            "level2": 11
        }
    },
    {
        "model": "acc_codes.accountlevel3",
        "pk": 41,
        "fields": {
            "code": "5202",
            "name": "Rents",
            "guideline": "",
            "level2": 11
        }
    },
    {
        "model": "acc_codes.accountlevel3",
        "pk": 42,
        "fields": {
            "code": "5203",
            "name": "Travel Expenses",
            "guideline": "",
            "level2": 11
        }
    },
    {
        "model": "acc_codes.accountlevel3",
        "pk": 43,
        "fields": {
            "code": "5204",
            "name": "Depreciations",
            "guideline": "",
            "level2": 11
        }
    },
    {
        "model": "acc_codes.accountlevel3",
        "pk": 44,
        "fields": {
            "code": "5205",
            "name": "Utilities Expenses",
            "guideline": "",
            "level2": 11
        }
    },
    {
        "model": "acc_codes.accountlevel3",
        "pk": 45,
        "fields": {
            "code": "5206",
            "name": "Cost of Goods Sold",
            "guideline": "",
            "level2": 11
        }
    },
    {
        "model": "acc_codes.accountlevel3",
        "pk": 46,
        "fields": {
            "code": "5110",
            "name": "Accommodation Expenses",
            "guideline": "",
            "level2": 10
        }
    },
    {
        "model": "acc_codes.accountlevel3",
        "pk": 47,
        "fields": {
            "code": "5111",
            "name": "Tuition Expenses",
            "guideline": "",
            "level2": 10
        }
    }
]